{
  "HTTP Request Create Project" : {
    "transaction" : "HTTP Request Create Project",
    "sampleCount" : 100,
    "errorCount" : 10,
    "errorPct" : 10.0,
    "meanResTime" : 113.77000000000001,
    "medianResTime" : 34.0,
    "minResTime" : 22.0,
    "maxResTime" : 797.0,
    "pct1ResTime" : 523.2000000000006,
    "pct2ResTime" : 748.1999999999994,
    "pct3ResTime" : 796.98,
    "throughput" : 10.49317943336831,
    "receivedKBytesPerSec" : 2.4081027019937045,
    "sentKBytesPerSec" : 4.6926236227702
  },
  "HTTP Request Delete project" : {
    "transaction" : "HTTP Request Delete project",
    "sampleCount" : 100,
    "errorCount" : 0,
    "errorPct" : 0.0,
    "meanResTime" : 53.09999999999998,
    "medianResTime" : 27.5,
    "minResTime" : 16.0,
    "maxResTime" : 250.0,
    "pct1ResTime" : 183.10000000000005,
    "pct2ResTime" : 237.0,
    "pct3ResTime" : 249.98,
    "throughput" : 11.524720525527256,
    "receivedKBytesPerSec" : 2.6335787138411897,
    "sentKBytesPerSec" : 4.895755301371442
  },
  "Total" : {
    "transaction" : "Total",
    "sampleCount" : 201,
    "errorCount" : 10,
    "errorPct" : 4.9751244,
    "meanResTime" : 86.79601990049754,
    "medianResTime" : 31.0,
    "minResTime" : 16.0,
    "maxResTime" : 797.0,
    "pct1ResTime" : 235.80000000000007,
    "pct2ResTime" : 534.0,
    "pct3ResTime" : 794.2799999999996,
    "throughput" : 19.998010148243957,
    "receivedKBytesPerSec" : 4.574035699184161,
    "sentKBytesPerSec" : 8.675870249228932
  },
  "OS Process Sampler - Java version checking" : {
    "transaction" : "OS Process Sampler - Java version checking",
    "sampleCount" : 1,
    "errorCount" : 0,
    "errorPct" : 0.0,
    "meanResTime" : 759.0,
    "medianResTime" : 759.0,
    "minResTime" : 759.0,
    "maxResTime" : 759.0,
    "pct1ResTime" : 759.0,
    "pct2ResTime" : 759.0,
    "pct3ResTime" : 759.0,
    "throughput" : 1.3175230566534915,
    "receivedKBytesPerSec" : 0.227735918972332,
    "sentKBytesPerSec" : 0.0
  }
}