{
  "HTTP Request Create Project" : {
    "transaction" : "HTTP Request Create Project",
    "sampleCount" : 100,
    "errorCount" : 4,
    "errorPct" : 4.0,
    "meanResTime" : 82.95999999999998,
    "medianResTime" : 39.0,
    "minResTime" : 21.0,
    "maxResTime" : 524.0,
    "pct1ResTime" : 228.40000000000003,
    "pct2ResTime" : 438.5999999999999,
    "pct3ResTime" : 523.99,
    "throughput" : 10.625863351397301,
    "receivedKBytesPerSec" : 2.438552624588248,
    "sentKBytesPerSec" : 4.751545731059399
  },
  "HTTP Request Delete project" : {
    "transaction" : "HTTP Request Delete project",
    "sampleCount" : 100,
    "errorCount" : 0,
    "errorPct" : 0.0,
    "meanResTime" : 49.170000000000016,
    "medianResTime" : 30.5,
    "minResTime" : 18.0,
    "maxResTime" : 224.0,
    "pct1ResTime" : 117.0,
    "pct2ResTime" : 184.74999999999994,
    "pct3ResTime" : 223.88999999999993,
    "throughput" : 11.148272017837236,
    "receivedKBytesPerSec" : 2.547554347826087,
    "sentKBytesPerSec" : 4.735838210702341
  },
  "Total" : {
    "transaction" : "Total",
    "sampleCount" : 201,
    "errorCount" : 4,
    "errorPct" : 1.9900497,
    "meanResTime" : 70.41293532338312,
    "medianResTime" : 36.0,
    "minResTime" : 18.0,
    "maxResTime" : 940.0,
    "pct1ResTime" : 171.6000000000003,
    "pct2ResTime" : 276.6999999999988,
    "pct3ResTime" : 523.98,
    "throughput" : 20.150375939849624,
    "receivedKBytesPerSec" : 4.608885494987469,
    "sentKBytesPerSec" : 8.741580513784461
  },
  "OS Process Sampler - Java version checking" : {
    "transaction" : "OS Process Sampler - Java version checking",
    "sampleCount" : 1,
    "errorCount" : 0,
    "errorPct" : 0.0,
    "meanResTime" : 940.0,
    "medianResTime" : 940.0,
    "minResTime" : 940.0,
    "maxResTime" : 940.0,
    "pct1ResTime" : 940.0,
    "pct2ResTime" : 940.0,
    "pct3ResTime" : 940.0,
    "throughput" : 1.0638297872340425,
    "receivedKBytesPerSec" : 0.18388464095744683,
    "sentKBytesPerSec" : 0.0
  }
}